{
  "Delete Users" : {
    "transaction" : "Delete Users",
    "sampleCount" : 30,
    "errorCount" : 0,
    "errorPct" : 0.0,
    "meanResTime" : 135.06666666666666,
    "medianResTime" : 131.0,
    "minResTime" : 125.0,
    "maxResTime" : 192.0,
    "pct1ResTime" : 138.9,
    "pct2ResTime" : 190.35,
    "pct3ResTime" : 192.0,
    "throughput" : 0.5461198186882201,
    "receivedKBytesPerSec" : 0.16564923406695428,
    "sentKBytesPerSec" : 0.0806380044781825
  },
  "Total" : {
    "transaction" : "Total",
    "sampleCount" : 90,
    "errorCount" : 0,
    "errorPct" : 0.0,
    "meanResTime" : 326.42222222222216,
    "medianResTime" : 134.0,
    "minResTime" : 124.0,
    "maxResTime" : 3772.0,
    "pct1ResTime" : 579.3000000000001,
    "pct2ResTime" : 594.8,
    "pct3ResTime" : 3772.0,
    "throughput" : 1.5296237125667087,
    "receivedKBytesPerSec" : 0.6996833466467249,
    "sentKBytesPerSec" : 0.22476306766035556
  },
  "Get User by ID" : {
    "transaction" : "Get User by ID",
    "sampleCount" : 30,
    "errorCount" : 0,
    "errorPct" : 0.0,
    "meanResTime" : 130.59999999999997,
    "medianResTime" : 130.5,
    "minResTime" : 124.0,
    "maxResTime" : 139.0,
    "pct1ResTime" : 135.0,
    "pct2ResTime" : 137.35,
    "pct3ResTime" : 139.0,
    "throughput" : 0.5466870763175158,
    "receivedKBytesPerSec" : 0.16582129482834027,
    "sentKBytesPerSec" : 0.0807217636125082
  },
  "Get Users" : {
    "transaction" : "Get Users",
    "sampleCount" : 30,
    "errorCount" : 0,
    "errorPct" : 0.0,
    "meanResTime" : 713.6,
    "medianResTime" : 569.0,
    "minResTime" : 539.0,
    "maxResTime" : 3772.0,
    "pct1ResTime" : 605.1,
    "pct2ResTime" : 2673.0999999999985,
    "pct3ResTime" : 3772.0,
    "throughput" : 0.5121813804995475,
    "receivedKBytesPerSec" : 0.3921388694449661,
    "sentKBytesPerSec" : 0.07452639227971933
  }
}