{
  "Delete User" : {
    "transaction" : "Delete User",
    "sampleCount" : 30,
    "errorCount" : 0,
    "errorPct" : 0.0,
    "meanResTime" : 131.5,
    "medianResTime" : 131.0,
    "minResTime" : 125.0,
    "maxResTime" : 139.0,
    "pct1ResTime" : 137.0,
    "pct2ResTime" : 138.45,
    "pct3ResTime" : 139.0,
    "throughput" : 0.5165822915590453,
    "receivedKBytesPerSec" : 0.15668990210765577,
    "sentKBytesPerSec" : 0.07627660398801529
  },
  "Total" : {
    "transaction" : "Total",
    "sampleCount" : 90,
    "errorCount" : 0,
    "errorPct" : 0.0,
    "meanResTime" : 278.75555555555536,
    "medianResTime" : 133.5,
    "minResTime" : 124.0,
    "maxResTime" : 701.0,
    "pct1ResTime" : 578.9,
    "pct2ResTime" : 594.25,
    "pct3ResTime" : 701.0,
    "throughput" : 1.5299877600979193,
    "receivedKBytesPerSec" : 0.6998498699510404,
    "sentKBytesPerSec" : 0.22481656084251328
  },
  "Get User by ID" : {
    "transaction" : "Get User by ID",
    "sampleCount" : 30,
    "errorCount" : 0,
    "errorPct" : 0.0,
    "meanResTime" : 130.96666666666667,
    "medianResTime" : 130.0,
    "minResTime" : 124.0,
    "maxResTime" : 150.0,
    "pct1ResTime" : 138.9,
    "pct2ResTime" : 145.04999999999998,
    "pct3ResTime" : 150.0,
    "throughput" : 0.5166089786640492,
    "receivedKBytesPerSec" : 0.15669799684868524,
    "sentKBytesPerSec" : 0.07628054450586351
  },
  "Get Users" : {
    "transaction" : "Get Users",
    "sampleCount" : 30,
    "errorCount" : 0,
    "errorPct" : 0.0,
    "meanResTime" : 573.8,
    "medianResTime" : 566.5,
    "minResTime" : 536.0,
    "maxResTime" : 701.0,
    "pct1ResTime" : 616.8000000000001,
    "pct2ResTime" : 662.5,
    "pct3ResTime" : 701.0,
    "throughput" : 0.5122863339082325,
    "receivedKBytesPerSec" : 0.39221922439849044,
    "sentKBytesPerSec" : 0.07454166382063147
  }
}